gap_mm,experimental_force_gf
0.1,0.71547
0.2,0.71223
0.3,0.66691
0.4,0.59892
0.5,0.49856
0.6,0.38363
0.7,0.32536
0.8,0.27842
0.9,0.23309
1.0,0.20234
1.1,0.18129
1.2,0.16187
1.3,0.14083
1.4,0.12626
1.5,0.11331
1.6,0.10198
1.7,0.09227
1.8,0.08903
1.9,0.08579
2.0,0.08094
2.1,0.07932
2.2,0.07608
2.3,0.07122
2.4,0.06799
2.5,0.06637
2.6,0.06475
2.7,0.06313
2.8,0.06313
2.9,0.06151
3.0,0.05989
3.1,0.05989
3.2,0.05989
3.3,0.05989
3.4,0.05989
3.5,0.05989
3.6,0.06151
3.7,0.06151
3.8,0.05665
3.9,0.05342
4.0,0.05665
4.1,0.06475
4.2,0.06799
4.3,0.06960
4.4,0.07284
4.5,0.07608
4.6,0.07932
4.7,0.08255
4.8,0.08741
4.9,0.09388
5.0,0.09874
5.1,0.10683
5.2,0.11655
5.3,0.12626
5.4,0.13921
5.5,0.15701
5.6,0.17320
5.7,0.19424
5.8,0.21853
5.9,0.24928
6.0,0.28327
6.1,0.33507
6.2,0.42086
6.3,0.49856
6.4,0.60054
6.5,0.71709
6.6,0.82392
6.7,0.93399
6.8,1.04406
6.9,1.13957
7.0,1.18489
7.1,1.18651
7.2,1.12176
7.3,1.01817
7.4,0.89514
7.5,0.74460
7.6,0.64101
7.7,0.55360
7.8,0.47914
7.9,0.41277
8.0,0.35773
8.1,0.30755
8.2,0.25576
8.3,0.22500
8.4,0.20396
8.5,0.18453
8.6,0.16673
8.7,0.15216
8.8,0.14083
8.9,0.12950
9.0,0.12140
9.1,0.11169
9.2,0.10360
9.3,0.09712
9.4,0.09550
9.5,0.09712
9.6,0.09227
9.7,0.08741
9.8,0.08417
9.9,0.07932
10.0,0.06960
10.1,0.06960
10.2,0.07284
10.3,0.07122
10.4,0.06799
10.5,0.06637
10.6,0.06799
10.7,0.06637
10.8,0.06637
10.9,0.06475
11.0,0.05989
11.1,0.06151
11.2,0.06313
11.3,0.06475
11.4,0.06475
11.5,0.06475
11.6,0.06475
11.7,0.06637
11.8,0.06637
11.9,0.06960
12.0,0.07284
12.1,0.07446
12.2,0.08094
12.3,0.08741
12.4,0.09712
12.5,0.10522
12.6,0.11331
12.7,0.12140
12.8,0.13273
12.9,0.14568
13.0,0.15863
13.1,0.17644
13.2,0.19748
13.3,0.22014
13.4,0.24281
13.5,0.27194
13.6,0.29946
13.7,0.33022
13.8,0.37716
13.9,0.41439
14.0,0.45324
14.1,0.48076
14.2,0.50827
14.3,0.52122
14.4,0.51799
14.5,0.50504
14.6,0.48399
14.7,0.45486
14.8,0.41924
14.9,0.37392
15.0,0.34317
15.1,0.31079
15.2,0.26709
15.3,0.24442
15.4,0.22176
15.5,0.20072
15.6,0.18291
15.7,0.16511
15.8,0.15054
15.9,0.13435
16.0,0.12464
16.1,0.11817
16.2,0.11169
16.3,0.10360
16.4,0.09874
16.5,0.09388
16.6,0.08903
16.7,0.08579
16.8,0.08094
16.9,0.07770
17.0,0.07446
17.1,0.07122
17.2,0.06960
17.3,0.06799
17.4,0.06799
17.5,0.06637
17.6,0.06475
17.7,0.06475
17.8,0.06313
17.9,0.06151
18.0,0.06151
18.1,0.06151
18.2,0.06151
18.3,0.06151
18.4,0.06313
18.5,0.06313
18.6,0.06313
18.7,0.06637
18.8,0.06475
18.9,0.06313
19.0,0.06475
19.1,0.06960
19.2,0.07122
19.3,0.07122
19.4,0.07122
19.5,0.07284
19.6,0.07770
19.7,0.08094
19.8,0.08579
19.9,0.09227
20.0,0.09712
20.1,0.09874
20.2,0.10360
20.3,0.11169
20.4,0.12140
20.5,0.13273
20.6,0.14406
20.7,0.15701
20.8,0.17158
20.9,0.18291
21.0,0.19263
21.1,0.20558
21.2,0.21529
21.3,0.22176
21.4,0.22986
21.5,0.23795
21.6,0.23957
21.7,0.23795
21.8,0.23147
21.9,0.22014
22.0,0.21043
22.1,0.20234
22.2,0.18777
22.3,0.17806
22.4,0.16673
22.5,0.15378
22.6,0.13921
22.7,0.12626
22.8,0.11331
22.9,0.10360
23.0,0.09712
23.1,0.09227
23.2,0.08741
23.3,0.08094
23.4,0.07770
23.5,0.07446
23.6,0.07122
23.7,0.06960
23.8,0.06960
23.9,0.06637
24.0,0.06313
24.1,0.05989
24.2,0.05989
24.3,0.05827
24.4,0.05665
24.5,0.05665
24.6,0.05665
24.7,0.05665
24.8,0.05665
24.9,0.05665
25.0,0.05665
25.1,0.05504
25.2,0.05504
25.3,0.05342
25.4,0.05342
25.5,0.05180
25.6,0.05180
25.7,0.05504
25.8,0.05665
25.9,0.05827
26.0,0.05989
26.1,0.05989
26.2,0.05989
26.3,0.05989
26.4,0.06313
26.5,0.06475
26.6,0.06799
26.7,0.06960
26.8,0.07284
26.9,0.07284
27.0,0.07608
27.1,0.07770
27.2,0.08094
27.3,0.08417
27.4,0.08903
27.5,0.09388
27.6,0.09874
27.7,0.10360
27.8,0.10845
27.9,0.11493
28.0,0.12140
28.1,0.12788
28.2,0.13112
28.3,0.13435
28.4,0.13759
28.5,0.14245
28.6,0.14568
28.7,0.14568
28.8,0.14406
28.9,0.14245
29.0,0.13921
29.1,0.13597
29.2,0.13112
29.3,0.12626
29.4,0.11978
29.5,0.11007
29.6,0.10198
29.7,0.10036
29.8,0.09550
29.9,0.08741
30.0,0.08579
